product,product-href,price,mobo-type,chipset
MSI B350M PRO-VDH AM4 AMD B350 SATA 6Gb/s USB 3.1 HDMI Micro ATX AMD Motherboard,https://www.newegg.com/msi-b350m-pro-vdh/p/N82E16813144048,249,amd,
ASUS ROG Crosshair VIII Impact AM4 AMD X570 SATA 6Gb/s Mini DTX AMD Motherboard,https://www.newegg.com/asus-rog-crosshair-viii-impact/p/N82E16813119208,381,amd,
ASRock X570M PRO4 AM4 AMD X570 SATA 6Gb/s Micro ATX AMD Motherboard,https://www.newegg.com/asrock-x570m-pro4/p/N82E16813157887,185,amd,
ASUS AMD ROG STRIX X470-F GAMING Socket AM4 DDR4 ATX Motherboard (90MB0XH0-M0EAY0),https://www.newegg.com/p/2MG-000B-00243,309,amd,
ASUS PRIME X570-PRO AM4 AMD X570 SATA 6Gb/s ATX AMD Motherboard,https://www.newegg.com/asus-prime-x570-pro/p/N82E16813119246,327,amd,
MSI X370 Gaming Pro Carbon AMD AM4 DDR4 Desktop Motherboard A,https://www.newegg.com/p/2MG-000M-001S7,279,amd,
GIGABYTE X570 AORUS ELITE AMD Ryzen 3000 PCIe 4.0 SATA 6Gb/s USB 3.2 AMD X570 ATX Motherboard,https://www.newegg.com/gigabyte-x570-aorus-elite/p/2MG-004K-00005,489,amd,
MSI B450M PRO-VDH AM4 AMD B450 SATA 6Gb/s USB 3.1 HDMI AMD Motherboard,https://www.newegg.com/msi-b450m-pro-vdh/p/N82E16813144197,312,amd,
"GIGABYTE B550 AORUS MASTER AM4 AMD B550 ATX Motherboard with Triple M.2, SATA 6Gb/s, USB 3.2 Gen 2, WIFI 6, 2.5 GbE LAN, PCIe 4.0",https://www.newegg.com/gigabyte-b550-aorus-master/p/N82E16813145217,279,amd,
ASUS PRIME B450M-A AM4 AMD B450 SATA 6Gb/s USB 3.1 HDMI Micro ATX AMD Motherboard,https://www.newegg.com/asus-prime-b450m-a/p/N82E16813119174,129,amd,
GIGABYTE GA-A320M-H AM4 AMD A320 SATA 6Gb/s USB 3.1 HDMI Micro ATX AMD Motherboard,https://www.newegg.com/gigabyte-ga-a320m-h/p/N82E16813145139,96,amd,
MSI B550M PRO-VDH WIFI AM4 AMD B550 SATA 6Gb/s Micro ATX AMD Motherboard,https://www.newegg.com/msi-b550m-pro-vdh-wifi/p/N82E16813144331,125,amd,
ECS B350AM4-M2 AM4 AMD B350 SATA 6Gb/s USB 3.0 HDMI Micro ATX AMD Motherboard,https://www.newegg.com/ecs-b350am4-m2/p/N82E16813135412,69,amd,
ASRock X570 EXTREME4 WIFI AX AM4 AMD X570 SATA 6Gb/s ATX AMD Motherboard,https://www.newegg.com/asrock-x570-extreme4-wifi-ax/p/N82E16813157892,249,amd,
Gigabyte Ultra Aorus AM4 AMD X570 ATX DDR4-SDRAM Motherboard,https://www.newegg.com/p/2MG-004K-00002,614,amd,
"ASUS AM4 TUF Gaming X570-Plus (Wi-Fi) ATX Motherboard with PCIe 4.0, Dual M.2, 12+2 with Dr. MOS Power Stage, HDMI, DP, SATA 6Gb/s, USB 3.2 Gen 2 and Aura Sync RGB Lighting",https://www.newegg.com/asus-tuf-gaming-x570-plus/p/N82E16813119197,194,amd,
BIOSTAR TB350-BTC AM4 AMD B350 SATA 6Gb/s USB 3.1 ATX AMD Motherboard for Cryptocurrency Mining (BTC),https://www.newegg.com/biostar-tb350-btc/p/N82E16813138456,91,amd,
ASRock B450M Steel Legend AM4 AMD Promontory B450 SATA 6Gb/s USB 3.1 HDMI Micro ATX AMD Motherboard,https://www.newegg.com/asrock-b450m-steel-legend/p/N82E16813157868,169,amd,
MSI MPG B550 GAMING CARBON WIFI AM4 AMD B550 SATA 6Gb/s ATX AMD Motherboard,https://www.newegg.com/msi-mpg-b550-gaming-carbon-wifi/p/N82E16813144322,219,amd,
ASUS PRIME B450M-K AM4 AMD B450 SATA 6Gb/s USB 3.1 Micro ATX AMD Motherboard,https://www.newegg.com/asus-prime-b450m-k/p/N82E16813119169,119,amd,
MSI PRO B550-A PRO AM4 AMD B550 SATA 6Gb/s ATX AMD Motherboard,https://www.newegg.com/msi-b550-a-pro/p/N82E16813144330,139,amd,
ASUS TUF B450M-PLUS GAMING AM4 AMD B450 SATA 6Gb/s Micro ATX AMD Motherboard,https://www.newegg.com/asus-tuf-b450m-plus-gaming/p/N82E16813119141,166,amd,
ASRock B550M PRO4 AM4 AMD B550 SATA 6Gb/s Micro ATX AMD Motherboard,https://www.newegg.com/asrock-b550m-pro4/p/N82E16813157939,114,amd,
MSI A320M Gaming PRO AM4 AMD A320 SATA 6Gb/s USB 3.1 HDMI Micro ATX AMD Motherboard,https://www.newegg.com/msi-a320m-gaming-pro/p/N82E16813144020,249,amd,
"ASUS Prime B550M-A/CSM AMD AM4 (3rd Gen Ryzen) microATX Commercial Motherboard (PCIe 4.0, ECC Memory, 1Gb LAN, HDMI 2.1/D-Sub, 4K@60HZ, TPM, ASUS Control Center Express)",https://www.newegg.com/asus-prime-b550m-a-csm/p/N82E16813119317,134,amd,
ASUS AMD TUF B450M-PLUS GAMING Socket AM4 DDR4 Micro ATX Motherboard (90MB0YQ0-M0EAY0),https://www.newegg.com/p/2MG-000B-00240,145,amd,
MSI PRO B450M PRO-VDH MAX AM4 AMD B450 SATA 6Gb/s Micro ATX AMD Motherboard,https://www.newegg.com/msi-b450m-pro-vdh-max/p/N82E16813144265,139,amd,
ASRock B450 PRO4 AM4 AMD Promontory B450 SATA 6Gb/s ATX AMD Motherboard,https://www.newegg.com/asrock-b450-pro4/p/N82E16813157841,99,amd,
Asrock Fatal1ty AMD B450 AM4 Mini ITX DDR4-SDRAM Motherboard,https://www.newegg.com/asrock-fatal1ty-b450-gaming-itx-ac-90-mxb870-a0uayz/p/2MG-001J-00028,150,amd,
"ASUS AMD AM4 B450 ATX Gaming Motherboard with DDR4 3200MHz support, SATA 6Gbps, HDMI 2.0, dual NVMe M.2, USB 3.1 Gen 2, and Aura Sync RGB LED lighting",https://www.newegg.com/asus-rog-strix-b450-f-gam/p/2MG-000B-002Y1,149,amd,
ASRock X570 TAICHI AM4 AMD Premium X570 SATA 6Gb/s ATX AMD Motherboard,https://www.newegg.com/asrock-x570-taichi/p/2MG-004K-00012,579,amd,
MSI PERFORMANCE GAMING X370 GAMING PLUS AM4 AMD X370 SATA 6Gb/s USB 3.1 HDMI ATX AMD Motherboard,https://www.newegg.com/msi-performance-gaming-x370-gaming-plus/p/N82E16813144030,"1,365",amd,
ASUS PRIME B450-PLUS AM4 AMD B450 SATA 6Gb/s ATX AMD Motherboard,https://www.newegg.com/asus-prime-b450-plus/p/N82E16813119138,169,amd,
GIGABYTE GA-AX370-Gaming 5 (rev. 1.0) AM4 AMD X370 SATA 6Gb/s USB 3.1 HDMI ATX AMD Motherboard,https://www.newegg.com/gigabyte-ga-ax370-gaming-5/p/N82E16813128992,359,amd,
ASUS ROG CROSSHAIR VI HERO (WI-FI AC) AM4 AMD X370 SATA 6Gb/s ATX AMD Motherboard,https://www.newegg.com/asus-rog-crosshair-vi-hero/p/N82E16813132987?&quicklink=true,549,amd,
MSI B450M MORTAR TITANIUM AM4 AMD B450 SATA 6Gb/s USB 3.1 HDMI AMD Motherboard,https://www.newegg.com/msi-b450m-mortar-titanium/p/N82E16813144193,null,amd,
ASRock X570 PRO4 AM4 AMD X570 SATA 6Gb/s ATX AMD Motherboard,https://www.newegg.com/asrock-x570-pro4/p/N82E16813157886,169,amd,
MSI A320M-A PRO AM4 AMD A320 SATA 6Gb/s Micro ATX AMD Motherboard,https://www.newegg.com/msi-a320m-a-pro/p/N82E16813144287,54,amd,
ASUS ROG Crosshair VII Hero AM4 AMD X470 SATA 6Gb/s ATX AMD Motherboard,https://www.newegg.com/asus-rog-crosshair-vii-hero/p/N82E16813119098,438,amd,
ASRock Phantom Gaming B550 PG VELOCITA AM4 AMD B550 SATA 6Gb/s ATX AMD Motherboard,https://www.newegg.com/asrock-phantom-gaming-b550-pg-velocita/p/N82E16813157934,219,amd,
MSI A320M-A PRO MAX AM4 AMD A320 SATA 6Gb/s Micro ATX AMD Motherboard,https://www.newegg.com/msi-a320m-a-pro-max/p/N82E16813144286,55,amd,
ASRock B550 TAICHI AM4 AMD B550 SATA 6Gb/s ATX AMD Motherboard,https://www.newegg.com/asrock-b550-taichi/p/N82E16813157938,299,amd,
ASUS ROG Strix X570-I Gaming AM4 AMD X570 SATA 6Gb/s Mini ITX AMD Motherboard,https://www.newegg.com/asus-rog-strix-x570-i-gaming/p/N82E16813119209,449,amd,
ASRock X570 STEEL LEGEND AM4 AMD X570 SATA 6Gb/s ATX AMD Motherboard,https://www.newegg.com/asrock-x570-steel-legend/p/N82E16813157885,209,amd,
MSI Performance Gaming AMD X470 Ryzen 2 AM4 DDR4 Onboard Graphics CFX ATX Motherboard (X470 Gaming Plus),https://www.newegg.com/msi-x470-gaming-plus/p/2MG-000M-00182,179,amd,
ASUS ROG STRIX B350-F GAMING AM4 AMD B350 SATA 6Gb/s USB 3.1 HDMI ATX AMD Motherboard,https://www.newegg.com/asus-rog-strix-b350-f-gaming/p/N82E16813132988,587,amd,
MSI B450 GAMING PLUS MAX AM4 AMD B450 SATA 6Gb/s ATX AMD Motherboard,https://www.newegg.com/msi-b450-gaming-plus-max/p/N82E16813144264,229,amd,
MSI MPG B550I GAMING EDGE WIFI AM4 AMD B550 SATA 6Gb/s AMD Motherboard,https://www.newegg.com/msi-mpg-b550i-gaming-edge-wifi/p/N82E16813144323,246,amd,
Asrock B450M PRO4 AMD B450 AM4 Micro ATX DDR4-SDRAM Motherboard,https://www.newegg.com/asrock-b450m-pro4/p/2MG-004K-00003,363,amd,
ASRock B450 Steel Legend AM4 AMD Promontory B450 SATA 6Gb/s USB 3.1 HDMI ATX AMD Motherboard,https://www.newegg.com/asrock-b450-steel-legend/p/N82E16813157869,124,amd,
"ASUS AMD AM4 ROG Strix X570-F Gaming ATX Motherboard with PCIe 4.0, Dual M.2, SATA 6Gb/s, USB 3.2 Gen 2",https://www.newegg.com/asus-rog-strix-x570-f-gaming/p/N82E16813119195,299,amd,
ASRock B550 STEEL LEGEND AM4 AMD B550 SATA 6Gb/s ATX AMD Motherboard,https://www.newegg.com/asrock-b550-steel-legend/p/N82E16813157937,179,amd,
ASUS ROG STRIX B450-I GAMING AM4 AMD B450 SATA 6Gb/s USB 3.1 HDMI Mini ITX AMD Motherboard,https://www.newegg.com/asus-rog-strix-b450-i-gaming/p/N82E16813119143?&quicklink=true,229,amd,
"GIGABYTE B550M AORUS PRO AM4 AMD B550 Micro-ATX Motherboard with Dual M.2, SATA 6Gb/s, USB 3.2 Gen 2, PCIe 4.0",https://www.newegg.com/gigabyte-b550m-aorus-pro/p/N82E16813145213,129,amd,
"GIGABYTE B550M DS3H AM4 AMD B550 Micro-ATX Motherboard with Dual M.2, SATA 6Gb/s, USB 3.2 Gen 1, PCIe 4.0",https://www.newegg.com/gigabyte-b550m-ds3h/p/N82E16813145210,94,amd,
ASUS ROG Crosshair VII Hero (Wi-Fi) AM4 AMD X470 SATA 6Gb/s ATX AMD Motherboard,https://www.newegg.com/asus-rog-crosshair-vii-hero/p/N82E16813119097,438,amd,
GIGABYTE B450M DS3H AM4 AMD B450 SATA 6Gb/s Micro ATX AMD Motherboard,https://www.newegg.com/gigabyte-b450m-ds3h/p/N82E16813145083,73,amd,
ASUS ROG Crosshair VIII Hero Socket AM4 AMD X570 DDR4 ATX Motherboard (ROG Crosshair VIII Hero),https://www.newegg.com/p/2MG-000B-00370,552,amd,
MSI MPG X570 GAMING PLUS Gaming Motherboard AMD AM4 SATA 6Gb/s M.2 USB 3.2 Gen 2 HDMI ATX,https://www.newegg.com/msi-thank-you-for-your-purchase-cr2032-button-battery-is-not-pre-installed-on-this-motherboard-the/p/2MG-000M-002E6,299,amd,
ASRock B550 EXTREME4 AM4 AMD B550 SATA 6Gb/s ATX AMD Motherboard,https://www.newegg.com/asrock-b550-extreme4/p/N82E16813157933,184,amd,
MSI A320M GRENADE Motherboard AM4 A320 Mainboard M.2 Support R5 2400G M-ATX,https://www.newegg.com/p/2MG-000M-00271,98,amd,
MSI ARSENAL GAMING B350 TOMAHAWK PLUS AM4 AMD B350 SATA 6Gb/s USB 3.1 HDMI ATX AMD Motherboard,https://www.newegg.com/msi-arsenal-gaming-b350-tomahawk-plus/p/N82E16813144238,215,amd,
ASRock X470 Taichi Ultimate AM4 AMD Promontory X470 SATA 6Gb/s ATX AMD Motherboard,https://www.newegg.com/asrock-x470-taichi-ultimate/p/N82E16813157834,299,amd,
MSI A320M PRO-VD PLUS AM4 AMD A320 SATA 6Gb/s USB 3.1 Micro ATX AMD Motherboard,https://www.newegg.com/msi-a320m-pro-vd-plus/p/N82E16813144064,216,amd,
MSI PERFORMANCE GAMING B450 GAMING PRO CARBON AC AM4 AMD B450 SATA 6Gb/s ATX AMD Motherboard,https://www.newegg.com/msi-performance-gaming-b450-gaming-pro-carbon-ac/p/N82E16813144188,227,amd,
GIGABYTE X570 AORUS MASTER AMD Ryzen 3000 PCIe 4.0 SATA 6Gb/s USB 3.2 AMD X570 ATX Motherboard,https://www.newegg.com/gigabyte-x570-aorus-master/p/N82E16813145155,359,amd,
MSI B450 TOMAHAWK MAX AM4 AMD B450 SATA 6Gb/s ATX AMD Motherboard,https://www.newegg.com/msi-b450-tomahawk-max/p/2MG-000M-002C8,249,amd,
GIGABYTE X570 AORUS PRO AM4 AMD X570 SATA 6Gb/s ATX AMD Motherboard,https://www.newegg.com/gigabyte-x570-aorus-pro/p/N82E16813145167,499,amd,
ASRock B450 PRO4 AM4 USB 3.1 ATX AMD B450 Ryzen Motherboard,https://www.newegg.com/p/2MG-001J-00040,299,amd,
"ASUS ROG Strix B550-F Gaming (WiFi 6) AMD AM4 (3rd Gen Ryzen) ATX Gaming Motherboard (PCIe 4.0, 2.5Gb LAN, BIOS FlashBack, HDMI 2.1, Addressable Gen 2 RGB Header and AURA Sync)",https://www.newegg.com/asus-rog-strix-b550-f-gam-wif/p/N82E16813119311,209,amd,
ASRock B450M PRO4 AM4 AMD Promontory B450 SATA 6Gb/s USB 3.1 HDMI Micro ATX AMD Motherboard,https://www.newegg.com/asrock-b450m-pro4/p/N82E16813157843,199,amd,
GIGABYTE GA-A320M-S2H AM4 AMD A320 SATA 6Gb/s USB 3.1 HDMI Micro ATX AMD Motherboard,https://www.newegg.com/gigabyte-ga-a320m-s2h/p/N82E16813145054,54,amd,
MSI MEG X570 GODLIKE Gaming Motherboard AMD AM4 SATA 6Gb/s M.2 USB 3.2 Wi-Fi 6 Extended-ATX,https://www.newegg.com/msi-meg-x570-godlike/p/N82E16813144257,699,amd,
ASRock X570 Phantom Gaming X AM4 AMD Premium X570 SATA 6Gb/s ATX AMD Motherboard,https://www.newegg.com/asrock-x570-phantom-gaming-x/p/N82E16813157882,524,amd,
MSI B350M MORTAR ARCTIC AM4 AMD B350 SATA 6Gb/s USB 3.1 HDMI Micro ATX AMD Motherboard,https://www.newegg.com/msi-b350m-mortar-arctic/p/N82E16813144046,267,amd,
"GIGABYTE AMD B450 Ultra Durable Motherboard with Realtek® GbE LAN with cFosSpeed, PCIe Gen3 x4 M.2, 7-colors RGB LED Strips Support, Anti-Sulfur Resistor, CEC 2019 ready",https://www.newegg.com/gigabyte-b450m-ds3h/p/2MG-000K-000H9,103,amd,
"ASUS AMD AM4 ROG X570 Crosshair VIII Hero (Wi-Fi) ATX Motherboard with PCIe 4.0, Dual M.2, SATA 6Gb/s, USB3.2 Gen 2, 2.5Gbps LAN, WiFi 6",https://www.newegg.com/asus-rog-crosshair-viii-hero/p/N82E16813119109,379,amd,
GIGABYTE B450M GAMING AM4 AMD B450 SATA 6Gb/s USB 3.1 HDMI Micro ATX AMD Motherboard,https://www.newegg.com/gigabyte-b450m-gaming/p/N82E16813145135,152,amd,
"ASUS AMD X470 ATX Gaming Motherboard with M.2 heatsink, Aura Sync RGB LED, DDR4 3600MHz, 802.11ac Wi-Fi, dual M.2, SATA 6Gb/s, and USB 3.1 Gen 2",https://www.newegg.com/asus-rogcrosshairviiherow/p/2MG-000B-002Y2,263,amd,
GIGABYTE B450M S2H AM4 AMD B450 SATA 6Gb/s USB 3.1 HDMI Micro ATX AMD Motherboard,https://www.newegg.com/gigabyte-b450m-s2h/p/N82E16813145134,136,amd,
MSI B350 TOMAHAWK AM4 AMD B350 SATA 6Gb/s USB 3.1 HDMI ATX AMD Motherboard,https://www.newegg.com/msi-b350-tomahawk/p/N82E16813144018,272,amd,
ASUS TUF B450-Pro Gaming AM4 AMD B450 SATA 6Gb/s ATX AMD Motherboard,https://www.newegg.com/asus-tuf-b450-pro-gaming/p/N82E16813119205,135,amd,
MSI B450 TOMAHAWK MAX AM4 AMD B450 SATA 6Gb/s ATX AMD Motherboard,https://www.newegg.com/msi-b450-tomahawk-max/p/2MG-000M-002E4,298,amd,
Colorful B450M-HD V14 AM4 AMD B450 SATA 6Gb/s Micro ATX AMD Motherboard SATA3.0 PCIE 3.0 USB3.1 USB3.0 HDMI+DVI+VGA,https://www.newegg.com/colorful-b450m-hd-v14/p/2MG-001S-00002,99,amd,
GIGABYTE X570 I AORUS PRO WIFI AMD Ryzen 3000 PCIe 4.0 SATA 6Gb/s USB 3.2 AMD X570 Mini-ITX Motherboard,https://www.newegg.com/gigabyte-x570-i-aorus-pro-wifi/p/N82E16813145159,420,amd,
"ASUS PRIME B450-PLUS - Motherboard - ATX - Socket AM4 - AMD B450 - USB 3.1 Gen 1, USB 3.1 Gen 2, USB-C Gen1 - Gigabit LA",https://www.newegg.com/p/2MG-000B-00248,182,amd,
"ASUS AMD AM4 ROG Strix X570-F Gaming ATX Motherboard with PCIe4.0,2.5Gbps LAN, Dual M.2,SATA 6Gb/s,USB3.2 Gen 2",https://www.newegg.com/asus-rog-strix-x570-f-gaming/p/N82E16813119195R,254,amd,
"GIGABYTE B550I AORUS PRO AX AM4 AMD B550 Mini-ITX Motherboard with Dual M.2, SATA 6Gb/s, USB 3.2 Gen 1, WIFI 6, 2.5 GbE LAN, PCIe 4.0",https://www.newegg.com/gigabyte-b550i-aorus-pro-ax/p/N82E16813145222,179,amd,
MSI B450 GAMING PLUS MAX AM4 AMD B450 SATA 6Gb/s ATX AMD Motherboard,https://www.newegg.com/msi-b450-gaming-plus-max/p/N82E16813144308,178,amd,
MSI PERFORMANCE GAMING B450 GAMING PLUS AM4 AMD B450 SATA 6Gb/s USB 3.1 HDMI ATX AMD Motherboard,https://www.newegg.com/msi-performance-gaming-b450-gaming-plus/p/N82E16813144191,118,amd,
MSI MAG B550M MORTAR WIFI AM4 AMD B550 SATA 6Gb/s Micro ATX AMD Motherboard,https://www.newegg.com/msi-mag-b550m-mortar-wifi/p/N82E16813144327,169,amd,
MSI B450 GAMING PRO CARBON MAX WIFI AM4 AMD B450 SATA 6Gb/s ATX AMD Motherboard,https://www.newegg.com/msi-b450-gaming-pro-carbon-max-wifi/p/N82E16813144296,229,amd,
GIGABYTE B450 AORUS M AM4 AMD B450 SATA 6Gb/s Micro ATX AMD Motherboard,https://www.newegg.com/gigabyte-b450-aorus-m/p/N82E16813145081,93,amd,
"B450M BAZOOKA MAX WI-FI w/ DDR4-2666, 7.1 Audio, M.2, Gigabit LAN, 802.11ac",https://www.newegg.com/msi-b450m-bazooka-max-wifi/p/1HD-002J-00197,89,amd,
MSI MAG B550 TOMAHAWK AM4 AMD B550 SATA 6Gb/s ATX AMD Motherboard,https://www.newegg.com/msi-mag-b550-tomahawk/p/N82E16813144326,179,amd,
ASRock B550M-ITX/AC AM4 AMD B550 SATA 6Gb/s Mini ITX AMD Motherboard,https://www.newegg.com/asrock-b550m-itx-ac/p/N82E16813157954,129,amd,
MSI MPG X570 GAMING EDGE WIFI Gaming Motherboard AMD AM4 SATA 6Gb/s M.2 USB 3.2 Gen 2 HDMI ATX,https://www.newegg.com/msi-mpg-x570-gaming-edge-wifi/p/N82E16813144261,289,amd,
ASUS Prime X370-Pro AM4 AMD X370 SATA 6Gb/s USB 3.1 HDMI ATX Motherboards - AMD,https://www.newegg.com/asus-prime-x370-pro/p/N82E16813132964,245,amd,
ASUS Prime A320M-C R2.0 AMD Ryzen AM4 DDR4 HDMI DVI-D VGA M.2 USB 3.0 Micro-ATX A320 Motherboard,https://www.newegg.com/asus-prime-a320m-c-r2-0/p/N82E16813132997,116,amd,
MSI B350 TOMAHAWK AM4 AMD B350 SATA 6Gb/s USB 3.1 HDMI ATX AMD Motherboard,https://www.newegg.com/msi-b350-tomahawk/p/N82E16813144090,235,amd,
ASRock X570 STEEL LEGEND WIFI AX AM4 AMD X570 SATA 6Gb/s ATX AMD Motherboard,https://www.newegg.com/asrock-x570-steel-legend-wifi-ax/p/N82E16813157894,209,amd,
"GIGABYTE B550 AORUS PRO AM4 AMD B550 ATX Motherboard with Dual M.2, SATA 6Gb/s, USB 3.2 Gen 2, 2.5 GbE LAN, PCIe 4.0",https://www.newegg.com/gigabyte-b550-aorus-pro/p/N82E16813145215,260,amd,
ASUS TUF B450M-PLUS GAMING AM4 AMD B450 SATA 6Gb/s USB 3.1 HDMI Micro ATX AMD Motherboard,https://www.newegg.com/asus-tuf-b450m-plus-gamin/p/2MG-000B-002Y3,121,amd,
GIGABYTE X570 AORUS ELITE AMD Ryzen 3000 PCIe 4.0 SATA 6Gb/s USB 3.2 AMD X570 ATX Motherboard,https://www.newegg.com/gigabyte-x570-aorus-elite/p/N82E16813145160,199,amd,
ASRock A320M-HDV R4.0 AM4 AMD Promontory A320 SATA 6Gb/s Micro ATX AMD Motherboard,https://www.newegg.com/asrock-a320m-hdv-r4-0/p/N82E16813157872,65,amd,
ASUS PRIME B450M-K AM4 AMD B450 SATA 6Gb/s USB 3.1 Micro ATX AMD Motherboard,https://www.newegg.com/asus-prime-b450m-k/p/N82E16813119245,90,amd,
"GIGABYTE B550 AORUS ELITE AM4 AMD B550 ATX Motherboard with Dual M.2, SATA 6Gb/s, USB 3.2 Gen 2, 2.5 GbE LAN, PCIe 4.0",https://www.newegg.com/gigabyte-b550-aorus-elite/p/N82E16813145214,159,amd,
ASUS PRIME A320I-K/CSM AM4 AMD A320 SATA 6Gb/s Mini ITX AMD Motherboard,https://www.newegg.com/asus-prime-a320i-k-csm/p/N82E16813119225,92,amd,
"KSIMALL link, please do not trust any other seller.-GIGABYTE X570 AORUS ELITE WIFI AM4 AMD X570 SATA 6Gb/s ATX AMD Motherboard",https://www.newegg.com/gigabyte-x570-aorus-elite-wifi/p/2MG-004K-00006,397,amd,
GIGABYTE B450 AORUS ELITE AM4 AMD B450 SATA 6Gb/s ATX AMD Motherboard,https://www.newegg.com/gigabyte-b450-aorus-elite/p/N82E16813145085,235,amd,
ASUS ROG Strix X470-F Gaming AM4 AMD X470 SATA 6Gb/s ATX AMD Motherboard,https://www.newegg.com/asus-rog-strix-x470-f-gaming/p/N82E16813119099,344,amd,
BIOSTAR X470GT8 AM4 AMD X470 SATA 6Gb/s USB 3.1 HDMI ATX AMD Motherboard,https://www.newegg.com/biostar-x470gt8/p/N82E16813138462,679,amd,
ASUS ROG STRIX B450-F GAMING AM4 AMD B450 SATA 6Gb/s ATX AMD Motherboard,https://www.newegg.com/asus-rog-strix-b450-f-gaming/p/N82E16813119140,129,amd,
"ASUS TUF GAMING B550M-PLUS AMD AM4 (3rd Gen Ryzen) Micro ATX Gaming Motherboard (PCIe 4.0, 2.5Gb LAN, BIOS FlashBack, HDMI 2.1, USB 3.2 Gen 2, Addressable Gen 2 RGB Header and AURA Sync)",https://www.newegg.com/asus-tuf-gaming-b550m-plu/p/N82E16813119315,249,amd,
MSI PERFORMANCE GAMING X470 GAMING PRO CARBON AM4 AMD X470 SATA 6Gb/s USB 3.1 HDMI ATX AMD Motherboard,https://www.newegg.com/msi-performance-gaming-x470-gaming-pro-carbon/p/N82E16813144178,225,amd,
MSI MPG B550 GAMING PLUS AM4 AMD B550 SATA 6Gb/s ATX AMD Motherboard,https://www.newegg.com/msi-mpg-b550-gaming-plus/p/N82E16813144325,149,amd,
ASRock AB350M AM4 AMD Promontory B350 SATA 6Gb/s USB 3.1 Micro ATX AMD Motherboard,https://www.newegg.com/asrock-ab350m/p/N82E16813157763,249,amd,
MSI MPG Z390 Gaming Plus LGA1151 Intel 8th & 9th Gen DDR4 HDMI ATX Motherboard(Manufacturer  Refurbishe.d),https://www.newegg.com/p/2MG-000M-002B5,189,amd,
ASRock X570 CREATOR AM4 AMD X570 SATA 6Gb/s ATX AMD Motherboard,https://www.newegg.com/asrock-x570-creator/p/N82E16813157896,499,amd,
ASUS TUF X470-Plus Gaming AM4 AMD X470 SATA 6Gb/s ATX AMD Motherboard,https://www.newegg.com/asus-tuf-x470-plus-gaming/p/N82E16813119107,92,amd,
ASRock Fatal1ty B450 GAMING-ITX/AC AM4 AMD Promontory B450 SATA 6Gb/s USB 3.1 HDMI Mini ITX AMD Motherboard,https://www.newegg.com/asrock-fatal1ty-b450-gaming-itx-ac/p/N82E16813157844,139,amd,
ASUS PRIME B350-PLUS AM4 AMD B350 SATA 6Gb/s USB 3.1 HDMI ATX Motherboards - AMD,https://www.newegg.com/asus-prime-b350-plus/p/N82E16813132965,225,amd,
"GIGABYTE B550 GAMING X AM4 AMD B550 ATX Motherboard with Dual M.2, SATA 6Gb/s, USB 3.2 Gen 2, PCIe 4.0",https://www.newegg.com/gigabyte-b550-gaming-x/p/N82E16813145212,259,amd,
MSI X370 XPOWER GAMING TITANIUM AM4 AMD X370 SATA 6Gb/s USB 3.1 HDMI ATX AMD Motherboard,https://www.newegg.com/msi-x370-xpower-gaming-titanium/p/N82E16813144016,508,amd,
GIGABYTE B450 Gaming X AM4 AMD B450 SATA 6Gb/s ATX AMD Motherboard,https://www.newegg.com/gigabyte-b450-gaming-x/p/N82E16813145148,156,amd,
"ASUS TUF GAMING B550-PLUS AMD AM4 (3rd Gen Ryzen) ATX Gaming Motherboard (PCIe 4.0, 2.5Gb LAN, HDMI 2.1, BIOS FlashBack, USB 3.2 Gen 2, Addressable Gen 2 RGB Header and AURA Sync)",https://www.newegg.com/asus-tuf-gaming-b550-plus/p/N82E16813119313,169,amd,
MSI PRO B350 PC MATE AM4 AMD B350 SATA 6Gb/s USB 3.1 HDMI ATX AMD Motherboard,https://www.newegg.com/msi-pro-b350-pc-mate/p/N82E16813144029?&quicklink=true,250,amd,
MSI PERFORMANCE GAMING B450I GAMING PLUS AC AM4 AMD B450 SATA 6Gb/s Mini ITX AMD Motherboard,https://www.newegg.com/msi-performance-gaming-b450i-gaming-plus-ac/p/N82E16813144190,129,amd,
"GIGABYTE B550 AORUS PRO AC AM4 AMD B550 ATX Motherboard with Dual M.2, SATA 6Gb/s, USB 3.2 Gen 2, Intel 802.11ac, 2.5 GbE LAN, PCIe 4.0",https://www.newegg.com/gigabyte-b550-aorus-pro-ac/p/N82E16813145216,308,amd,
"ASUS ROG Crosshair VIII Formula AMD X570 AM4 ATX Motherboard with PCIe 4.0, Dual M.2, SATA 6Gb/s, USB 3.2 Gen 2, 5Gbps LAN, Wi-Fi 6",https://www.newegg.com/asus-rog-crosshair-viii-formula/p/N82E16813119104,599,amd,
ASUS PRIME B550M-K AM4 AMD B550 SATA 6Gb/s Micro ATX AMD Motherboard,https://www.newegg.com/asus-prime-b550m-k/p/N82E16813119330?&quicklink=true,129,amd,
ASUS PRIME A320M-C R2.0 Socket AM4 AMD A320 DDR4 Micro ATX Motherboard (90MB0UE0-M0EAY0),https://www.newegg.com/p/2MG-000B-00364,132,amd,
MSI PRO B450-A PRO MAX AM4 AMD B450 SATA 6Gb/s ATX AMD Motherboard,https://www.newegg.com/msi-b450-a-pro-max/p/N82E16813144268,147,amd,
MSI B350M Gaming PRO AM4 AMD B350 SATA 6Gb/s USB 3.1 HDMI Micro ATX AMD Motherboard,https://www.newegg.com/msi-b350m-gaming-pro/p/N82E16813144019,"1,163",amd,
ASUS ROG STRIX B550-F GAMING AM4 AMD B550 SATA 6Gb/s ATX AMD Motherboard,https://www.newegg.com/asus-rog-strix-b550-f-gaming/p/N82E16813119312,189,amd,
"ASUS Prime X570-P Ryzen 3 AM4 with PCIe Gen4, Dual M.2 HDMI, SATA 6Gb/s USB 3.2 Gen 2 ATX Motherboard",https://www.newegg.com/asus-prime-x570-p/p/N82E16813119199,275,amd,
Asrock AB350 Pro4 AMD Socket AM4 Ryzen ATX DDR4-SDRAM Motherboard,https://www.newegg.com/asrock-ab350-pro4-90-mxb510-a0uayz/p/2MG-001J-00031,108,amd,
ASUS TUF GAMING X570-PLUS WI-FI AMD Socket X570 AM4 ATX M.2 Desktop Motherboard B,https://www.newegg.com/asus-tuf-gaming-x570-plus-wi-fi/p/2MG-000B-00335,199,amd,
MSI PERFORMANCE GAMING X470 GAMING PLUS MAX AM4 AMD X470 SATA 6Gb/s ATX AMD Motherboard,https://www.newegg.com/msi-performance-gaming-x470-gaming-plus-max/p/2MG-000M-002E3,249,amd,
"ASUS AMD AM4 PRO WS X570-ACE ATX Workstation Motherboard with 3 PCIe 4.0 x16, Realtek and Intel Gigabit LAN, DDR4 ECC Memory Support, Dual M.2, U.2, and ASUS Control Center Express",https://www.newegg.com/asus-pro-ws-x570-ace/p/N82E16813119194,379,amd,
MSI X570-A PRO Motherboard AMD AM4 SATA 6Gb/s M.2 USB 3.2 Gen 2 HDMI ATX,https://www.newegg.com/msi-x570-a-pro/p/N82E16813144263,228,amd,
GIGABYTE B450 I AORUS PRO WIFI AM4 AMD B450 SATA 6Gb/s USB 3.1 HDMI Mini ITX AMD Motherboard,https://www.newegg.com/gigabyte-b450-i-aorus-pro-wifi/p/N82E16813145086,249,amd,
Gigabyte AMD AX370M DS3H Socket AM4 DDR4 Micro ATX Motherboard (GA-AX370M-DS3H),https://www.newegg.com/p/2MG-000K-000C4,149,amd,
MSI B450M MORTAR AM4 AMD B450 SATA 6Gb/s USB 3.1 HDMI AMD Motherboard,https://www.newegg.com/msi-b450m-mortar/p/N82E16813144194,189,amd,
ASRock X570 EXTREME4 AM4 AMD X570 SATA 6Gb/s ATX AMD Motherboard,https://www.newegg.com/asrock-x570-extreme4/p/N82E16813157888,239,amd,
GIGABYTE GA-A320M-S2H V2 AM4 AMD B350 SATA 6Gb/s Micro ATX AMD Motherboard,https://www.newegg.com/gigabyte-ga-a320m-s2h-v2/p/N82E16813145166,109,amd,
ECS A320AM4-M3D AM4 AMD A320 SATA 6Gb/s USB 3.0 HDMI Micro ATX AMD Motherboard,https://www.newegg.com/ecs-a320am4-m3d/p/N82E16813135411,71,amd,
ASRock B450M-HDV R4.0 AM4 AMD Promontory B450 SATA 6Gb/s Micro ATX AMD Motherboard,https://www.newegg.com/asrock-b450m-hdv-r4-0/p/N82E16813157871,199,amd,
ASRock X570 PRO4 AM4 AMD X570 SATA 6Gb/s ATX AMD Motherboard,https://www.newegg.com/asrock-x570m-pro4/p/2MG-004K-00009,399,amd,
ASUS Prime A320I-K AM4 AMD A320 SATA 6Gb/s Mini ITX AMD Motherboard,https://www.newegg.com/asus-prime-a320i-k/p/N82E16813119200,116,amd,
ASUS Prime X470-Pro AM4 AMD X470 SATA 6Gb/s ATX AMD Motherboard,https://www.newegg.com/asus-prime-x470-pro/p/N82E16813119100,209,amd,
"ASUS Prime X570-Pro Ryzen 3 AM4 with PCIe Gen4, Dual M.2, HDMI, SATA 6Gb/s USB 3.2 Gen 2 ATX Motherboard",https://www.newegg.com/asus-prime-x570-pro/p/N82E16813119196,249,amd,
ASUS AMD PRIME A320M-E Socket AM4 DDR4 Micro ATX Motherboard (90MB0V10-M0EAY0),https://www.newegg.com/p/2MG-000B-00251,111,amd,
MSI MPG X570 GAMING PLUS Gaming Motherboard AMD AM4 SATA 6Gb/s M.2 USB 3.2 Gen 2 HDMI ATX,https://www.newegg.com/msi-mpg-x570-gaming-plus/p/N82E16813144262,216,amd,
"KSIMALL link, please do not trust any other seller!! - GIGABYTE X570 GAMING X AMD Ryzen 3000 PCIe 4.0 SATA 6Gb/s USB 3.2 AMD X570 ATX Motherboard",https://www.newegg.com/gigabyte-x570-aorus-elite-wifi/p/2MG-004K-00011,397,amd,
ASRock B550 Phantom Gaming 4 AM4 AMD B550 SATA 6Gb/s ATX AMD Motherboard,https://www.newegg.com/asrock-b550-phantom-gaming-4/p/N82E16813157935,114,amd,
"ASUS TUF B450-PLUS GAMING - Motherboard - ATX - Socket AM4 - AMD B450 - USB 3.1 Gen 1, USB 3.1 Gen 2, USB-C Gen1 - Gigab",https://www.newegg.com/p/2MG-000B-00250,134,amd,
ASRock Fatal1ty X370 Gaming K4 AM4 AMD Promontory X370 SATA 6Gb/s USB 3.1 HDMI ATX AMD Motherboard,https://www.newegg.com/asrock-fatal1ty-x370-gaming-k4/p/N82E16813157758,379,amd,
ASUS TUF B450-PLUS GAMING AM4 AMD B450 SATA 6Gb/s ATX AMD Motherboard,https://www.newegg.com/asus-tuf-b450-plus-gaming/p/N82E16813119142,179,amd,
"ASUS PRIME B450M-K - Motherboard - micro ATX - Socket AM4 - AMD B450 - USB 3.1 Gen 1, USB 3.1 Gen 2 - Gigabit LAN - onbo",https://www.newegg.com/p/2MG-000B-00244,97,amd,
ASRock X470 Taichi AM4 AMD Promontory X470 SATA 6Gb/s ATX AMD Motherboard,https://www.newegg.com/asrock-x470-taichi/p/N82E16813157835,229,amd,
GIGABYTE X570 AORUS ULTRA AMD Ryzen 3000 PCIe 4.0 SATA 6Gb/s USB 3.2 AMD X570 ATX Motherboard,https://www.newegg.com/gigabyte-x570-aorus-ultra/p/N82E16813145156,419,amd,
Ryzen AM4 DDR4 Motherboard A320M-VH AM4 Desktop Computer Motherboard SATA3.0 Motherboard Support CPU Dual Channel 32GB,https://www.newegg.com/p/2MG-002F-00006,99,amd,
MSI B350M GAMING PRO AMD Socket B350 AM4 MicroATX M.2 Desktop Motherboard,https://www.newegg.com/msi-b350m-gaming-pro/p/2MG-000M-002C0,158,amd,
MSI MEG X570 ACE Gaming Motherboard AMD AM4 SATA 6Gb/s M.2 USB 3.2 Gen 2 Wi-Fi 6 ATX,https://www.newegg.com/msi-meg-x570-ace/p/N82E16813144259,369,amd,
ASRock B550 Phantom Gaming-ITX/ax AM4 AMD B550 SATA 6Gb/s Mini ITX AMD Motherboard,https://www.newegg.com/asrock-b550-phantom-gaming-itx-ax/p/N82E16813157949,199,amd,
GIGABYTE AB350M-DS3H AM4 AMD B350 SATA 6Gb/s USB 3.1 HDMI Micro ATX AMD Motherboard,https://www.newegg.com/gigabyte-ab350m-ds3h/p/N82E16813145056,149,amd,
GIGABYTE B450 AORUS M AM4 AMD B450 SATA 6Gb/s Micro ATX AMD Motherboard,https://www.newegg.com/gigabyte-b450-aorus-m/p/N82E16813145081,93,amd,
"ASUS Prime B550M-A WiFi AMD AM4 (3rd Gen Ryzen) Micro ATX Motherboard (PCIe 4.0, WiFi 6, ECC Memory, 1Gb LAN, HDMI 2.1/D-Sub, 4K@60HZ, Addressable Gen 2 RGB Header and Aura Sync)",https://www.newegg.com/asus-prime-b550m-a-wi-fi/p/N82E16813119316,149,amd,
ASUS Prime A320M-K AMD Ryzen AM4 DDR4 HDMI VGA M.2 Micro-ATX A320 Motherboard,https://www.newegg.com/asus-prime-a320m-k/p/N82E16813132977,101,amd,
"ASUS TUF GAMING B550M-PLUS AMD AM4 (3rd Gen Ryzen) Micro ATX Gaming Motherboard (PCIe 4.0, 2.5Gb LAN, BIOS FlashBack, HDMI 2.1, USB 3.2 Gen 2, Addressable Gen 2 RGB Header and AURA Sync)",https://www.newegg.com/asus-tuf-gam-b550m-plus-w/p/N82E16813119314,179,amd,
A320M-A PRO MAX Socket AM4 AMD A320 DDR4 Micro ATX Motherboard (A320M-A PRO MAX),https://www.newegg.com/p/2MG-000M-00282,95,amd,
ASRock AMD X470 Master SLI Socket AM4 DDR4 ATX Motherboard (X470 MASTER SLI),https://www.newegg.com/p/2MG-0001-00047,195,amd,
ASUS AMD ROG STRIX B350-I GAMING Socket AM4 DDR4 Mini-ITX Motherboard (90MB0VD0-M0EAY0),https://www.newegg.com/p/2MG-000B-00239,166,amd,
ASUS PRIME B550-PLUS AM4 AMD B550 SATA 6Gb/s ATX AMD Motherboard,https://www.newegg.com/asus-prime-b550-plus/p/N82E16813119323,142,amd,
MSI MAG X570 TOMAHAWK WIFI AM4 AMD X570 SATA 6Gb/s ATX AMD Motherboard,https://www.newegg.com/msi-mag-x570-tomahawk-wifi/p/N82E16813144310,339,amd,
ASUS ROG STRIX X570-I GAMING AMD Socket X570 AM4 Mini-ITX M.2 Desktop Motherboard B,https://www.newegg.com/asus-rog-strix-x570-i-gaming/p/2MG-000B-00379,329,amd,
ASUS ROG STRIX B550-I GAMING AM4 AMD B550 SATA 6Gb/s Mini ITX AMD Motherboard,https://www.newegg.com/asus-rog-strix-b550-i-gaming/p/N82E16813119322,309,amd,
GIGABYTE X570 GAMING X AMD Ryzen 3000 PCIe 4.0 SATA 6Gb/s USB 3.2 AMD X570 ATX Motherboard,https://www.newegg.com/gigabyte-x570-gaming-x/p/N82E16813145161,277,amd,
ASUS ROG Strix X570-E Gaming Socket AM4 AMD X570 DDR4 ATX Motherboard (ROG STRIX X570-E GAMING),https://www.newegg.com/p/2MG-000B-00368,358,amd,
ASUS PRIME B450-PLUS AM4 AMD B450 SATA 6Gb/s USB 3.1 HDMI ATX AMD Motherboard,https://www.newegg.com/asus-prime-b450-plus-90mb0yn0-m0aay0/p/2MG-000B-002Y0,121,amd,
ASUS ROG Strix X570-F Gaming Socket AM4 AMD X570 DDR4 ATX Motherboard (ROG STRIX X570-F GAMING),https://www.newegg.com/p/2MG-000B-00369,402,amd,
ASRock B550M-HDV AM4 AMD B550 SATA 6Gb/s Micro ATX AMD Motherboard,https://www.newegg.com/asrock-b550m-hdv/p/N82E16813157953,79,amd,
ASRock X570 TAICHI AM4 AMD Premium X570 SATA 6Gb/s ATX AMD Motherboard,https://www.newegg.com/asrock-x570-taichi/p/N82E16813157883,437,amd,
GIGABYTE X570 AORUS PRO WIFI AMD Ryzen 3000 PCIe 4.0 SATA 6Gb/s USB 3.2 AMD X570 ATX Motherboard,https://www.newegg.com/gigabyte-x570-aorus-pro-wifi/p/N82E16813145157?&quicklink=true,399,amd,
MSI X370 GAMING PRO CARBON AM4 AMD X370 SATA 6Gb/s USB 3.1 HDMI ATX AMD Motherboard,https://www.newegg.com/msi-x370-gaming-pro-carbon/p/N82E16813144017,449,amd,
"ASUS AM4 TUF GAMING X570-Plus ATX Motherboard with PCIe 4.0, Dual M.2, 12+2 with Dr. MOS Power Stage, HDMI, DP, SATA 6Gb/s, USB 3.2 Gen 2 and Aura Sync RGB Lighting",https://www.newegg.com/asus-tuf-gaming-x570-plus/p/N82E16813119198,164,amd,
GIGABYTE GA-AB350M-Gaming 3 (rev. 1.0) AM4 AMD B350 SATA 6Gb/s USB 3.1 HDMI Micro ATX AMD Motherboard,https://www.newegg.com/gigabyte-ga-ab350m-gaming-3/p/N82E16813145002,169,amd,
MSI B450 TOMAHAWK MAX AM4 AMD B450 SATA 6Gb/s ATX AMD Motherboard,https://www.newegg.com/msi-b450-tomahawk-max/p/N82E16813144267,199,amd,
BIOSTAR X370GT7 /LED FAN AM4 AMD X370 SATA 6Gb/s USB 3.1 HDMI ATX Motherboards - AMD,https://www.newegg.com/biostar-x370gt7-led-fan/p/N82E16813138447,186,amd,
Asrock B450M-HDV AMD B450 AM4 Micro ATX DDR4-SDRAM Motherboard,https://www.newegg.com/p/2MG-001J-00049,279,amd,
GIGABYTE B450 AORUS PRO WIFI (rev. 1.0) AM4 AMD B450 SATA 6Gb/s USB 3.1 HDMI ATX AMD Motherboard,https://www.newegg.com/gigabyte-b450-aorus-pro-wifi/p/N82E16813145082,249,amd,
ASRock B450M-HDV AM4 AMD Promontory B450 SATA 6Gb/s USB 3.1 HDMI Micro ATX AMD Motherboard,https://www.newegg.com/asrock-b450m-hdv/p/N82E16813157842,199,amd,
ASRock X570 PHANTOM GAMING-ITX/TB3 AM4 AMD X570 SATA 6Gb/s Mini ITX AMD Motherboard,https://www.newegg.com/asrock-x570-phantom-gaming-itx-tb3/p/N82E16813157891,239,amd,
ASRock B550M STEEL LEGEND AM4 AMD B550 SATA 6Gb/s Micro ATX AMD Motherboard,https://www.newegg.com/asrock-b550m-steel-legend/p/N82E16813157940,154,amd,
GIGABYTE AORUS GA-AX370-Gaming K7 (rev. 1.0) AM4 AMD X370 SATA 6Gb/s USB 3.1 HDMI ATX AMD Motherboard,https://www.newegg.com/gigabyte-aorus-ga-ax370-gaming-k7/p/N82E16813128997,299,amd,
"ASUS Prime X570-Pro Ryzen 3 AM4 with PCIe Gen4, Dual M.2, HDMI, SATA 6Gb/s USB 3.2 Gen 2 ATX Motherboard",https://www.newegg.com/asus-prime-x570-pro/p/N82E16813119196R,212,amd,
ASUS ROG CROSSHAIR VI EXTREME AM4 AMD X370 SATA 6Gb/s USB 3.1 Extended ATX AMD Motherboard,https://www.newegg.com/asus-rog-crosshair-vi-extreme/p/N82E16813119004,599,amd,
COLORFUL X570 GAMING PRO V14 Gaming Motherboard AMD AM4 SATA 6Gb/s M.2 USB 3.1 Gen 2 HDMI DP Standard ATX Motherboard,https://www.newegg.com/colorful-cvn-x570-gaming-pro/p/2MG-001S-00003,259,amd,
GIGABYTE X570 AORUS ELITE WIFI AM4 AMD X570 SATA 6Gb/s ATX AMD Motherboard,https://www.newegg.com/gigabyte-x570-aorus-elite-wifi/p/N82E16813145165,209,amd,
"ASUS TUF B450M-PRO GAMING AMD Ryzen 3 AM4 DDR4, HDMI, Dual M.2, USB 3.1 Gen 2 and Aura Sync RGB LED Lighting Micro-ATX Motherboard",https://www.newegg.com/asus-tuf-b450m-pro-gaming/p/N82E16813119224,149,amd,
ASUS PRIME A320M-E AM4 AMD A320 SATA 6Gb/s USB 3.1 HDMI Micro ATX AMD Motherboard,https://www.newegg.com/asus-prime-a320m-e/p/N82E16813119043,112,amd,
MSI MPG B550 GAMING EDGE WIFI AM4 AMD B550 SATA 6Gb/s ATX AMD Motherboard,https://www.newegg.com/msi-mpg-b550-gaming-edge-wifi/p/N82E16813144324,189,amd,
"KSIMALL link, prohibit selling, other sellers are! ! !",https://www.newegg.com/msi-b450-a-pro-max/p/2MG-000M-002C5,null,amd,
ASUS ROG Crosshair VI Hero AM4 AMD X370 SATA 6Gb/s USB 3.1 ATX AMD Motherboard,https://www.newegg.com/asus-rog-crosshair-vi-hero/p/N82E16813132963,610,amd,
"ASRock X470D4U2-2T Ryzen Series AM4 X470 Micro ATX Motherboard, Dual 10G LAN, IPMI - BULK Packaging",https://www.newegg.com/p/2MG-001J-00076,439,amd,
MSI MPG X570 GAMING PRO CARBON WIFI Gaming Motherboard AMD AM4 SATA 6Gb/s M.2 USB 3.2 Gen 2 Wi-Fi 6 HDMI ATX,https://www.newegg.com/msi-mpg-x570-gaming-pro-carbon-wifi/p/N82E16813144260,259,amd,
GIGABYTE GA-AX370-Gaming K5 (rev. 1.0) AM4 AMD X370 SATA 6Gb/s USB 3.1 HDMI ATX AMD Motherboard,https://www.newegg.com/gigabyte-ga-ax370-gaming-k5/p/N82E16813145001,359,amd,
MSI PERFORMANCE GAMING X370 GAMING PRO AM4 AMD X370 SATA 6Gb/s USB 3.1 HDMI ATX AMD Motherboard,https://www.newegg.com/msi-performance-gaming-x370-gaming-pro/p/N82E16813144043,299,amd,
MSI ARSENAL GAMING B450 TOMAHAWK AM4 AMD B450 SATA 6Gb/s USB 3.1 HDMI ATX AMD Motherboard,https://www.newegg.com/msi-arsenal-gaming-b450-tomahawk/p/N82E16813144189,359,amd,
ASRock X570 PHANTOM GAMING 4 WIFI AX AM4 AMD X570 SATA 6Gb/s ATX AMD Motherboard,https://www.newegg.com/asrock-x570-phantom-gaming-4-wifi-ax/p/N82E16813157893,169,amd,
GIGABYTE X570 UD AMD Ryzen 3000 PCIe 4.0 SATA 6Gb/s USB 3.2 AMD X570 ATX Motherboard,https://www.newegg.com/gigabyte-x570-ud/p/N82E16813145168,159,amd,
ASUS TUF B450M-PRO GAMING Socket AM4 AMD B450 DDR4 Micro ATX Motherboard (90MB10A0-M0EAY0),https://www.newegg.com/p/2MG-000B-00367,179,amd,
Asrock A320 Pro AM4 Ryzen Micro ATX AMD A320 DDR4-SDRAM Motherboard,https://www.newegg.com/asrock-90-mxb540-a0uayz/p/2MG-001J-00032,91,amd,
MSI PERFORMANCE GAMING X470 GAMING PLUS MAX AM4 AMD X470 SATA 6Gb/s ATX AMD Motherboard,https://www.newegg.com/msi-performance-gaming-x470-gaming-plus-max/p/N82E16813144266,122,amd,
ASUS ROG STRIX X370-F GAMING AM4 AMD X370 SATA 6Gb/s ATX AMD Motherboard,https://www.newegg.com/asus-rog-strix-x370-f-gaming/p/N82E16813132989,409,amd,
"ASUS AMD AM4 ROG Strix X570-E Gaming ATX Motherboard with PCIe 4.0, WiFi 6, 2.5Gbps LAN, Dual M.2, SATA 6Gb/s, USB 3.2 Gen 2",https://www.newegg.com/asus-rog-strix-x570-e-gaming/p/N82E16813119111,299,amd,
ASUS AMD ROG STRIX B450-F GAMING Socket AM4 DDR4 ATX Motherboard (90MB0YS0-M0EAY0),https://www.newegg.com/p/2MG-000B-00252,158,amd,
COLORFUL X570M GAMING PRO V14 Gaming Motherboard AMD AM4 SATA 6Gb/s M.2 USB 3.1 Gen 2 HDMI DP Micro ATX,https://www.newegg.com/colorful-cvn-x570m-gaming-pro-v14/p/2MG-001S-00004,249,amd,
"ASUS AMD AM4 ROG X570 Crosshair VIII Hero ATX Motherboard with PCIe 4.0, 2.5Gbps LAN, Dual M.2, SATA 6Gb/s, USB 3.2 Gen 2",https://www.newegg.com/asus-rog-crosshair-viii-hero/p/N82E16813119110,409,amd,
ASUS PRIME X370-A AMD Ryzen AM4 DDR4 HDMI DVI VGA M.2 USB 3.1 ATX X370 Motherboard,https://www.newegg.com/asus-prime-x370-a/p/N82E16813132986,192,amd,
ASUS PRIME B450M-A/CSM AM4 AMD B450 SATA 6Gb/s USB 3.1 HDMI Micro ATX AMD Motherboard,https://www.newegg.com/asus-prime-b450m-a-csm/p/N82E16813119137,139,amd,
MSI PRESTIGE X570 CREATION Motherboard AMD AM4 SATA 6Gb/s M.2 USB 3.2 Wi-Fi 6 Extended-ATX,https://www.newegg.com/msi-prestige-x570-creation/p/N82E16813144258,699,amd,
MSI PERFORMANCE GAMING X470 GAMING PLUS AM4 AMD X470 SATA 6Gb/s USB 3.1 HDMI ATX AMD Motherboard,https://www.newegg.com/msi-performance-gaming-x470-gaming-plus/p/N82E16813144177,235,amd,
"KSIMALL link, please do not trust any other seller.",https://www.newegg.com/asrock-x570m-pro4/p/2MG-004K-00007,null,amd,
MSI PRO B450M PRO-M2 MAX AM4 AMD B450 SATA 6Gb/s Micro ATX AMD Motherboard,https://www.newegg.com/msi-b450m-pro-m2-max/p/N82E16813144271,87,amd,
ASRock Fatal1ty B450 GAMING K4 AM4 AMD B450 SATA 6Gb/s USB 3.1 HDMI ATX AMD Motherboard,https://www.newegg.com/asrock-fatal1ty-b450-gaming-k4/p/N82E16813157840,329,amd,
ASRock B550 PRO4 AM4 AMD B550 SATA 6Gb/s ATX AMD Motherboard,https://www.newegg.com/asrock-b550-pro4/p/N82E16813157941,134,amd,
ASRock B450M/AC AM4 AMD Promontory B450 SATA 6Gb/s Micro ATX AMD Motherboard,https://www.newegg.com/asrock-b450m-ac/p/N82E16813157880,219,amd,
ASUS TUF B450M-PLUS GAMING 90MB0YQ0-M0EAY0 AM4 AMD B450 SATA 6Gb/s Micro ATX AMD Motherboard,https://www.newegg.com/asus-tuf-b450m-plus-gaming-90mb0yq0-m0eay0/p/N82E16813119232,145,amd,
ASUS AMD ROG STRIX B450-I GAMING Socket AM4 DDR4 Mini-ITX Motherboard (90MB0Z50-M0EAY0),https://www.newegg.com/p/2MG-000B-00242,249,amd,
MSI MPG Z390 GAMING PRO CARBON AC LGA 1151 (300 Series) Intel Z390 SATA 6Gb/s AT(Manufacturer refurbishe.d),https://www.newegg.com/msi-mpg-x570-gaming-edge-wifi/p/2MG-000M-002A7?&quicklink=true,309,amd,
MSI B350M MORTAR AM4 AMD B350 SATA 6Gb/s USB 3.1 HDMI Micro ATX AMD Motherboard,https://www.newegg.com/msi-b350m-mortar/p/N82E16813144026,250,amd,
MSI B450 TOMAHAWK MAX AM4 AMD B450 SATA 6Gb/s ATX AMD Motherboard,https://www.newegg.com/msi-b450-tomahawk-max/p/N82E16813144267?&quicklink=true,199,amd,
ASRock AB350M Pro4 AM4 AMD Promontory B350 SATA 6Gb/s USB 3.1 HDMI Micro ATX AMD Motherboard,https://www.newegg.com/asrock-ab350m-pro4/p/N82E16813157762,239,amd,
ASRock B550 Phantom Gaming 4/ac AM4 AMD B550 SATA 6Gb/s ATX AMD Motherboard,https://www.newegg.com/asrock-b550-phantom-gaming-4-ac/p/N82E16813157936,124,amd,
ASRock X570 Phantom Gaming 4S AM4 AMD X570 SATA 6Gb/s ATX AMD Motherboard,https://www.newegg.com/asrock-x570-phantom-gaming-4s/p/N82E16813157915,149,amd,
Gigabyte AMD B450 AORUS PRO Socket AM4 DDR4 ATX Motherboard (B450 Aorus Pro),https://www.newegg.com/p/2MG-000K-000C7,220,amd,
GIGABYTE X570 AORUS XTREME AMD Ryzen 3000 PCIe 4.0 SATA 6Gb/s USB 3.2 AMD X570 E-ATX Motherboard,https://www.newegg.com/gigabyte-x570-aorus-xtreme/p/N82E16813145158,908,amd,
